-- phpMyAdmin SQL Dump
-- version 5.1.1
-- https://www.phpmyadmin.net/
--
-- Host: 127.0.0.1
-- Generation Time: Jun 08, 2023 at 02:01 PM
-- Server version: 10.4.22-MariaDB
-- PHP Version: 7.4.27

SET SQL_MODE = "NO_AUTO_VALUE_ON_ZERO";
START TRANSACTION;
SET time_zone = "+00:00";


/*!40101 SET @OLD_CHARACTER_SET_CLIENT=@@CHARACTER_SET_CLIENT */;
/*!40101 SET @OLD_CHARACTER_SET_RESULTS=@@CHARACTER_SET_RESULTS */;
/*!40101 SET @OLD_COLLATION_CONNECTION=@@COLLATION_CONNECTION */;
/*!40101 SET NAMES utf8mb4 */;

--
-- Database: `mystore`
--

-- --------------------------------------------------------

--
-- Table structure for table `admin_table`
--

CREATE TABLE `admin_table` (
  `admin_id` int(11) NOT NULL,
  `admin_name` varchar(255) NOT NULL,
  `admin_email` varchar(255) NOT NULL,
  `admin_password` varchar(255) NOT NULL
) ENGINE=InnoDB DEFAULT CHARSET=utf8mb4;

--
-- Dumping data for table `admin_table`
--

INSERT INTO `admin_table` (`admin_id`, `admin_name`, `admin_email`, `admin_password`) VALUES
(1, 'Vika', 'vika@gmail.com', '$2y$10$ehRHBxzNQvayDtQswMJ/o.fWWDZtRMd61X844oH4YVmn0oF5jJF0S');

-- --------------------------------------------------------

--
-- Table structure for table `brands`
--

CREATE TABLE `brands` (
  `brand_id` int(11) NOT NULL,
  `brand_title` varchar(100) NOT NULL
) ENGINE=InnoDB DEFAULT CHARSET=utf8mb4;

--
-- Dumping data for table `brands`
--

INSERT INTO `brands` (`brand_id`, `brand_title`) VALUES
(1, 'Nike'),
(2, 'Gucci'),
(3, 'Prada'),
(4, 'Disney'),
(5, 'H&M'),
(6, 'Samsung');

-- --------------------------------------------------------

--
-- Table structure for table `cart_details`
--

CREATE TABLE `cart_details` (
  `product_id` int(11) NOT NULL,
  `ip_address` varchar(255) NOT NULL,
  `quantity` int(100) NOT NULL
) ENGINE=InnoDB DEFAULT CHARSET=utf8mb4;

--
-- Dumping data for table `cart_details`
--

INSERT INTO `cart_details` (`product_id`, `ip_address`, `quantity`) VALUES
(2, '::1', 0);

-- --------------------------------------------------------

--
-- Table structure for table `categories`
--

CREATE TABLE `categories` (
  `category_id` int(11) NOT NULL,
  `category_title` varchar(100) NOT NULL
) ENGINE=InnoDB DEFAULT CHARSET=utf8mb4;

--
-- Dumping data for table `categories`
--

INSERT INTO `categories` (`category_id`, `category_title`) VALUES
(1, 'Jewellery'),
(2, 'Skin Products'),
(3, 'Watches'),
(4, 'Soft Toys'),
(5, 'Footwear'),
(6, 'Clothing'),
(7, 'Electronics'),
(8, 'fruits');

-- --------------------------------------------------------

--
-- Table structure for table `orders_pending`
--

CREATE TABLE `orders_pending` (
  `order_id` int(11) NOT NULL,
  `user_id` int(11) NOT NULL,
  `invoice_number` int(255) NOT NULL,
  `product_id` int(11) NOT NULL,
  `quantity` int(255) NOT NULL,
  `order_status` varchar(255) NOT NULL
) ENGINE=InnoDB DEFAULT CHARSET=utf8mb4;

--
-- Dumping data for table `orders_pending`
--

INSERT INTO `orders_pending` (`order_id`, `user_id`, `invoice_number`, `product_id`, `quantity`, `order_status`) VALUES
(1, 1, 225892003, 2, 1, 'pending'),
(2, 1, 529902853, 1, 1, 'pending'),
(3, 1, 1282844006, 2, 2, 'pending'),
(4, 1, 16854055, 1, 1, 'pending');

-- --------------------------------------------------------

--
-- Table structure for table `products`
--

CREATE TABLE `products` (
  `product_id` int(11) NOT NULL,
  `product_title` varchar(100) NOT NULL,
  `product_description` varchar(255) NOT NULL,
  `product_keywords` varchar(255) NOT NULL,
  `category_id` int(11) NOT NULL,
  `brand_id` int(11) NOT NULL,
  `product_image1` varchar(255) NOT NULL,
  `product_image2` varchar(255) NOT NULL,
  `product_image3` varchar(255) NOT NULL,
  `product_price` varchar(100) NOT NULL,
  `date` timestamp NOT NULL DEFAULT current_timestamp() ON UPDATE current_timestamp(),
  `status` varchar(100) NOT NULL
) ENGINE=InnoDB DEFAULT CHARSET=utf8mb4;

--
-- Dumping data for table `products`
--

INSERT INTO `products` (`product_id`, `product_title`, `product_description`, `product_keywords`, `category_id`, `brand_id`, `product_image1`, `product_image2`, `product_image3`, `product_price`, `date`, `status`) VALUES
(1, 'Stitch', 'Meticulously constructed using high-quality materials, ensuring durability that can withstand with time.', 'soft, huggable, durable, teddy, stitch, blue', 4, 4, '2.1.png', '2.2.jpeg', '2.jpeg', '250/-', '2023-05-31 02:02:57', 'true'),
(2, 'Samsung Galaxy Z Fold3 5G', 'Thanks to flex mode, Galaxy Z fold3 5G opens up greatness with its unique ability to stand upright. ', 'black, folding, Samsung, Samsung Galaxy, Galaxy, Phone, Smartphone', 7, 6, '10.png', '10.2.jpeg', '10.1.jpeg', '94999/-', '2023-06-04 19:48:09', 'true'),
(3, 'Floral One-piece', 'The frock is typically made from lightweight and flowy materials, offering comfort and ease of movement. The floral patterns add a touch of elegance and charm to the dress, making it perfect for spring or summer events', 'Red, floral, frock, one-piece, short, white', 6, 5, '7.png', '7.2.jpg', '7.1.jpg', '1500/-', '2023-05-31 02:49:17', 'true');

-- --------------------------------------------------------

--
-- Table structure for table `user_orders`
--

CREATE TABLE `user_orders` (
  `order_id` int(11) NOT NULL,
  `user_id` int(11) NOT NULL,
  `amount_due` varchar(255) NOT NULL,
  `invoice_number` varchar(255) NOT NULL,
  `total_products` varchar(255) NOT NULL,
  `order_date` varchar(255) NOT NULL,
  `order_status` varchar(255) NOT NULL
) ENGINE=InnoDB DEFAULT CHARSET=utf8mb4;

--
-- Dumping data for table `user_orders`
--

INSERT INTO `user_orders` (`order_id`, `user_id`, `amount_due`, `invoice_number`, `total_products`, `order_date`, `order_status`) VALUES
(1, 1, '94999', '225892003', '1', '2023-06-08 13:01:27', 'pending'),
(2, 1, '250', '529902853', '1', '2023-06-08 16:53:05', 'pending'),
(3, 1, '189998', '1282844006', '1', '2023-06-08 17:24:10', 'pending'),
(4, 1, '250', '16854055', '1', '2023-06-08 17:28:03', 'pending');

-- --------------------------------------------------------

--
-- Table structure for table `user_payments`
--

CREATE TABLE `user_payments` (
  `payment_id` int(11) NOT NULL,
  `order_id` int(11) NOT NULL,
  `invoice_number` int(255) NOT NULL,
  `amount` int(255) NOT NULL,
  `payment_mode` varchar(255) NOT NULL,
  `date` varchar(255) NOT NULL
) ENGINE=InnoDB DEFAULT CHARSET=utf8mb4;

-- --------------------------------------------------------

--
-- Table structure for table `user_table`
--

CREATE TABLE `user_table` (
  `user_id` int(11) NOT NULL,
  `username` varchar(255) NOT NULL,
  `user_email` varchar(255) NOT NULL,
  `user_password` varchar(255) NOT NULL,
  `user_image` varchar(255) NOT NULL,
  `user_ip` varchar(255) NOT NULL,
  `user_address` varchar(255) NOT NULL,
  `user_mobile` varchar(20) NOT NULL
) ENGINE=InnoDB DEFAULT CHARSET=utf8mb4;

--
-- Dumping data for table `user_table`
--

INSERT INTO `user_table` (`user_id`, `username`, `user_email`, `user_password`, `user_image`, `user_ip`, `user_address`, `user_mobile`) VALUES
(1, 'Bhavika', 'bhavika@gmail.com', '$2y$10$/.Hsol0sfrfQ1T8mFa.OS.KFo/3WuuJJLpqVUpkhcOzKeibLAuFC.', '3.png', '::1', 'jaipur', '9876543210');

--
-- Indexes for dumped tables
--

--
-- Indexes for table `admin_table`
--
ALTER TABLE `admin_table`
  ADD PRIMARY KEY (`admin_id`);

--
-- Indexes for table `brands`
--
ALTER TABLE `brands`
  ADD PRIMARY KEY (`brand_id`);

--
-- Indexes for table `cart_details`
--
ALTER TABLE `cart_details`
  ADD PRIMARY KEY (`product_id`);

--
-- Indexes for table `categories`
--
ALTER TABLE `categories`
  ADD PRIMARY KEY (`category_id`);

--
-- Indexes for table `orders_pending`
--
ALTER TABLE `orders_pending`
  ADD PRIMARY KEY (`order_id`);

--
-- Indexes for table `products`
--
ALTER TABLE `products`
  ADD PRIMARY KEY (`product_id`);

--
-- Indexes for table `user_orders`
--
ALTER TABLE `user_orders`
  ADD PRIMARY KEY (`order_id`);

--
-- Indexes for table `user_payments`
--
ALTER TABLE `user_payments`
  ADD PRIMARY KEY (`payment_id`);

--
-- Indexes for table `user_table`
--
ALTER TABLE `user_table`
  ADD PRIMARY KEY (`user_id`);

--
-- AUTO_INCREMENT for dumped tables
--

--
-- AUTO_INCREMENT for table `admin_table`
--
ALTER TABLE `admin_table`
  MODIFY `admin_id` int(11) NOT NULL AUTO_INCREMENT, AUTO_INCREMENT=2;

--
-- AUTO_INCREMENT for table `brands`
--
ALTER TABLE `brands`
  MODIFY `brand_id` int(11) NOT NULL AUTO_INCREMENT, AUTO_INCREMENT=7;

--
-- AUTO_INCREMENT for table `categories`
--
ALTER TABLE `categories`
  MODIFY `category_id` int(11) NOT NULL AUTO_INCREMENT, AUTO_INCREMENT=9;

--
-- AUTO_INCREMENT for table `orders_pending`
--
ALTER TABLE `orders_pending`
  MODIFY `order_id` int(11) NOT NULL AUTO_INCREMENT, AUTO_INCREMENT=5;

--
-- AUTO_INCREMENT for table `products`
--
ALTER TABLE `products`
  MODIFY `product_id` int(11) NOT NULL AUTO_INCREMENT, AUTO_INCREMENT=4;

--
-- AUTO_INCREMENT for table `user_orders`
--
ALTER TABLE `user_orders`
  MODIFY `order_id` int(11) NOT NULL AUTO_INCREMENT, AUTO_INCREMENT=5;

--
-- AUTO_INCREMENT for table `user_payments`
--
ALTER TABLE `user_payments`
  MODIFY `payment_id` int(11) NOT NULL AUTO_INCREMENT;

--
-- AUTO_INCREMENT for table `user_table`
--
ALTER TABLE `user_table`
  MODIFY `user_id` int(11) NOT NULL AUTO_INCREMENT, AUTO_INCREMENT=2;
COMMIT;

/*!40101 SET CHARACTER_SET_CLIENT=@OLD_CHARACTER_SET_CLIENT */;
/*!40101 SET CHARACTER_SET_RESULTS=@OLD_CHARACTER_SET_RESULTS */;
/*!40101 SET COLLATION_CONNECTION=@OLD_COLLATION_CONNECTION */;
